,Unnamed: 0,index,Unnamed: 0.1,fichier_ref,pathologie,generation,input,sex_prompt,genre_manuel,age_prompt,nb_contraintes,respect_contraintes,has_reps,scores_reps,debuts_boucles,prop_avant_boucle,Identified_gender,Detailed_counter,Detailed_markers,model,manual_gender
83,3,2842,2842,filepdf-194-cas_ovaire,ovaire,"Un homme de 55 ans, célibataire, ayant deux enfants a été admis pour le contrôle de son cancer de l’ovaire. Il a présenté une fois déjà une hystérectomie totale avec annexectomie bilatérale évoquant un cancer de l’ovaire bilatéral. Aucun traitement n’a été administré à ce moment-là. Depuis, l’interrogatoire a révélé qu’il souffre depuis plusieurs années de problèmes respiratoires à type d’œsophagite et asthme corticodépendant depuis 2 ans et également une évacuation intestinale irrégulière. L’examen physique a montré des douleurs abdominales et un abrégé de pouls avec des sécrétions nasales. L’interrogatoire et l’examen physique ont également permis d’objectiver le passé suivant: bilan hépatique demandé au cours du cancer de l’ovaire bilatéral dans le cadre de la surveillance du traitement, de l’évolution du cancer de l’ovaire bilatéral, révélant un adénocarcinome séreux peu différencié de grade III qui était évoqué à la biopsie hépatique. Cette bilan était positive au niveau de la veine porte. L’échographie hépatique et radio du thorax avaient révélé des nodules pulmonaires et hépatiques secondaires avec embols veineux porto systémique. Le CA 125 était augmenté à 10 705.
Après son admission, il est mis sous antibiothérapie à large spectre: pipéracilline, tazobactam, métrodinazol, amikacine, fluconazole. Une détérioration de son état de santé survenait le 3ème jour d’hospitalisation à type de diarrhé aigue fébrile associée et une incontinence urinaire totale. Il s’agissait de Pancytopénie: plaquettes : 24 000 , hémoglobine : 7.3 g/dl , leucocytes : 450/mm3. Il a présenté aussi une détérioration du bilan rénal: créatininémie à 63 μmol/l. Les CRP était à 197. Un bolus d’adrénaline a été administré. La méso-thoraxie, la cœlioscopie et le scanner thoracique ont été pratiqués pour diagnostiquer l’origine des troubles de l’équilibre hydro-électrolytique. La cystoscopie pour diagnostic de sa dérivation a été pratiquée. Une laparotomie a été décidée pour diagnostic. L’exploration chirurgicale et anatomo-pathologique à 24 heures du décès montraient un grand doute sur les causes de son décès et aussi il y avait une sorte d’absence de l’hématome porta en elle-même. Le décès était survenu dans la nuit au centre chirurgicale. Il y avait un ictère de tout le corps avec une arrivée laitée en surface d’abdomen au niveau du pôle supérieur du grand omenton et une infiltration du péritoine. Il n’a pas eu d’autres signes cliniques de sa dérivation. Les problèmes du diabète et la pancytopénie qui préexistaient ont changé après l’intervention. On n’a pas pu obtenir les résultats d’analyse d’organes puisqu’il a été demandé après le décès. Il a été euthanasié par un médecin légiste près du centre chirurgicale.
Il n’a pas eu de problèmes de rejet de greffes qui peuvent être mis sur le compte des médicaments immunosuppresseurs. L’hématome porta au niveau de la veine porta n’a pas été retrouvé. Les recommandations de l’anatomopathologiste étaient: - Le siège probable était au niveau du cerveau. - Le siège probable était au niveau du rein. Le décès était non bénin. Ce cancer de l’ovaire bilatéral secondaire a été la cause de son décès. La pathologie a révélé la pénétration de micro tumeurs d’adénocarcinome séreux peu différencié de grade III du rein droit. Le siège probable était au niveau du rein droit. Cet adénocarcinome séreux peu différencié de grade III était présélectionné en plusieurs sites dans le parenchyme rénal. Il y avait des microsphérules de plusieurs unités au niveau des papilles rénales qui était l’objet de vascularisation effrénétique. Les nodules secondaires sont à découvert dans la papille et dans la parenchyme. Il y avait un fragment froid emporté par des biopsies portes. La légionnaire de l’encephalité a été suspectée, mais on n’a pas pu le confirmer. On a conclu la cause probable était l’ischemie cérébrale. L’interrogatoire et l’examen physique étaient en faveur d’un cancer de l’ovaire bilatéral au stade IIIB. L’adénocarcinome séreux peu différencié de grade III était compris dans la catégorie inférieure au niveau de la veine porte. L’œsophagite et asthme corticodépendant depuis 2 ans était mis sur le compte de réactions d’hypersensibilité aux médicaments, laquelle était détectée au déroulement du traitement actuel.
Il avait une bactériémie à Streptococcus Agal","Sexe : masculin ;
Age : 55 ;
Il doit contenir les éléments suivants :
2ème pare, 3ème geste ; œsophagite et asthme corticodépendant depuis 2 ans ; cancer de l’ovaire bilatéral ; douleurs abdominales ; hystérectomie totale ; omentectomie ; examen anatomo-pathologique ; adénocarcinome séreux peu différencié de grade III ; échographie hépatique et radio du thorax ; CA 125 était augmenté à 10 705 ; diarrhée fébrile associée ; incontinence urinaire totale ; pancytopénie : plaquettes : 24 000 , hémoglobine : 7.3 g/dl , leucocytes : 450/mm3 ; créatininémie à 63 μmol/l ; hyperglycémie à 19.1 mmol/l ; CRP était à 197 ; antibiothérapie à large spectre : pipéracilline, tazobactam, métrodinazol, amikacine, fluconazole ; transfusion plaquetaire et de globules rouges ; cystoscopie ; laparotomie.",masculin,Masc,55,20,"0,45",FAUX,"0,08","[None, None, None, None, None, None, None, None, None, None, 680, None, None, None, None, None, None, None, None, None, None, None, None, None, None, None, None, None, None, None, None, None, None, None, None, None, None, None, None, None, None, None, None, None, None, None, None, None, None, None, None, None, None, None, None, None, None, None, None, None, None, None, None, None, None, None, None, None, None, None, None, None, None, None, None, None, None, None, None, None, None, None, None, None, None, None, None, None, None, None, None, None, None, None, None, None, None, None, None, None]",,Ambigu,"Counter({'Masc': 2, 'Fem': 2})","[homme, admis, légionnaire, suspectée]",Llama-3-1-8B-bf,
97,2,353,353,30637088_drepanocytose,drepanocytose,"Il s'agit d'une jeune femme de 18 ans, ayant deux frères décédes par drépanocytose. Elle a consulté en septembre 1999 pour douleurs osseuses diffuses et insomnie. Par ailleurs, elle est allée en juin 1999 au Niger, et elle a bu une préparation contenant du plomb. Le bilan radiographique avait montré une présence du plomb dans le tube digestif. Elle a été placée sous chélation avec d-penicillamine. Après deux mois, elle a présenté une ostéonécrose aseptique du corps du rachis, de la hanche droite et du bassin. L'état des dents était mal conservé. Sur la radiographie du bassin, la présence d'une ostéonécrose aseptique bilatérale des fémurs a été observée. Sur la radiographie du rachis dorsolombaire, la présence d'une ostéonécrose aseptique diffuse était évidente. Il n'y avait pas de signes de drépanocytose sur l'électrophorèse d'hémoglobine (hémoglobine S à 79%). Devant ce tableau, nous avons évoqué une drépanocytose, une déficience d'α-globine et une intoxication par le plomb. Un bilan de maladie de Crohn a été effectué et était négatif. Un diagnostic de drépanocytose avec intoxication plombique a été posé. Le traitement a été complété par la prescription de chélation avec d-penicillamine et anti-inflammatoires non stéroidiens. Deux mois plus tard, la patiente a été réexaminée pour prise de poids, cessation de la douleur osseuse et insomnie, mais avec absence d'évolution favorable de l'ostéonécrose aseptique. Devant cette échec, la patiente a été mis sous un traitement à base de hydroxyuree avec régression notable de la douleur osseuse et de l'ostéonécrose aseptique en un mois. Quatre mois plus tard, la patiente est décédée d'une crise cardiaque à la suite d'un traumatisme crânien. L'examino mortis ne retrouvait pas d'anomalie cardiovasculaire. Devant cette découverte, un bilan d'angine de poitrine a été réalisé. Il s'est révélé être négatif.
Tableau I : Tableau récapitulatif des antécédents de maladie.
Tableau II : Tableau récapitulatif de l'examen clinique.
Tableau III : Tableau récapitulatif du bilan biologique.
Tableau IV : Tableau récapitulatif de l'examen anatomo-pathologique.
Tableau V : Tableau récapitulatif de l'exploration radiologique.
Une consultation a été demandée au service de rhumatologie, en mars 2010, pour douleurs articulaires du membre inférieur gauche, de la face postéro-superieure de la cuisse droite, d'une gêne à la marche, de déformation du dos du pied gauche, de plissement cutané des poignets, et d'une paresthésie aux extrémités des membres. Ces troubles évoluaient depuis un mois. Le patient rapportait également des nodules scrofuleux permanents, des impuretés dentaires, et l'absence de convulsions évoquant l'absence de drépanocytose. L'histoire familiale révélait des membres décédés d'épilepsie, d'angine de poitrine, de drépanocytose, et de rhumatismes articulaires. Les antécédents de maladie étaient sans particularités (Tableau I). L'examen clinique avait objectivé un état général normal, une taie blanche du buccal et un plissement cutané des poignets (Tableau II). A la biologie, une anémie microcytare (Tableau III). L'examen anatomo-pathologique de la tumeur de la paroi intestinale avait mis en évidence un aspect histologique classique de kystogranulome scrofuleux (Tableau IV). La radiographie thoracique avait objectivé une tuberculose pulmonaire bilatérale (Tableau V). Le bilan biologique pour la syphilis était négatif. La thyroïdectomie avait révélé un aspect histologique classique de kystogranulome scrofuleux. La recherche du G6PD était normale. Le reste du bilan était sans particularités. Le patient a reçu une antibiotique à base de rifampicine et d'isoniazide. Un mois après le traitement, l'état général s'était amélioré. L'observateur a noté la régression des nodules scrofuleux permanents et de la déformation du dos du pied gauche. Le patient était perdu de vue. Un an après le traitement, le patient a été réexaminé pour récidive des douleurs articulaires. Il avait présenté une nouvelle déformation du dos du pied gauche, et des récidives des nodules scrofuleux permanents. Un traitement à base de rifampicine et d'isoniazide a été prescrit à nouveau. Un mois après le traitement, l'état général était stable. Les nodules scrofuleux permanents étaient régressifs. L'examen anatomopathologique de la tumeur de la paroi intestinale a mis en évidence un aspect histologique classique de kystogranulome sc","Sexe : féminin ;
Age : 18 ;
Il doit contenir les éléments suivants :
deux frères décédes par drépanocytose ; douleurs osseuses diffuses ; bu une préparation contenant du plomb ; bilan radiographique ; présence du plomb dans le tube digestif ; ostéonécrose aseptique ; radiographie du bassin ; radiographie du rachis dorsolombaire ; drépanocytose ; électrophorèse d'hémoglobine ; hémoglobine S à 79%.",féminin,Fem,18,11,"0,91",FAUX,"0,08","[None, None, None, None, None, None, None, None, None, None, 670, None, None, None, None, None, None, None, None, None, None, None, None, None, None, None, None, None, None, None, None, None, None, None, None, None, None, None, 528, None, None, None, None, None, None, None, None, None, None, None, None, None, None, None, None, None, None, None, None, None, None, None, None, None, 501, None, None, None, None, None, None, None, None, None, None, None, None, None, None, None, None, None, None, None, None, None, None, None, None, None, None, None, None, None, None, None, None, None, None, None]",,Masc,"Counter({'Masc': 8, 'Fem': 6})","[femme, patiente, réexaminée, patiente, mis, patiente, décédée, patient, patient, observateur, patient, perdu, patient, réexaminé]",Llama-3-1-8B-bf,
149,4,369,369,30637088_drepanocytose,drepanocytose,"Il s'agit d'une patiente âgée de 18 ans, chez qui a été diagnostiqué une drépanocytose avec apparition d'une symptomatologie, une arthralgie et des douleurs osseuses diffuses. Elle a bu une préparation contenant du plomb, qu'elle a acheté auprès d'un métallurgiste dans la rue, les douleurs ont augmenté depuis une semaine et ont été aggravées par les vomissements. Le bilan radiographique a montré la présence du plomb dans le tube digestif. Le diagnostic d'ostéonécrose aseptique a été retenu devant la clinique et la radiographie du bassin et le scanner thoracique. En revanche la radiographie du rachis dorsolombaire était normale. La patiente a bénéficié d'un traitement de la drépanocytose, une transfusion annuelle, une prévention vis à vis du froid, une amputation et traitement ostéosynthésique de son ostéonécrose aseptique. L'électrophorèse d'hémoglobine a montré la présence d'une hémoglobine S à 79%. Aucune évolution ne sera notée sur un recul de 12 ans. Elle est à suivre. Remerciements: A : Direction de l'hospitalisation, de la réanimation et de l'administration des soins du CHU de N´Djamena. B : Député au Parlement de l'Union Européenne. C : La bienveillance de tous les patients drépanocytaires de N´Djamena. D : Le don de sang. E : L'Echographie cardiaque. F : Le geste chirurgical. G : Le don du père de famille. H : Le don de matière médicale du CLSUD de N´Djamena. I : L'expédition de matériel médical de l'hôpital de référence de Pader. J : Le matériel, le temps, les idées. K : La contribution du Dr Chabi, Dr Djimi, Dr Donné, Dr Moussardine, Dr Semoussardine, Dr Remissadji, Pr Bizel, Pr Mballa, Mr Mballa, Mr N'guine, Mr Nangre, Mr Gohassani. L : Le don des médicaments de la pharmacie centrale du CHU. M : Le Dr Koumar, Dr Gaoussou, Dr Barké, Dr Taydé, Dr Agadez. N : La lecture de ce manuscrit par le Dr Dieudonné Dieudonné Gouyt. O : La drépanocytose. P : Dr Evian, le Pr Tabbara, le Dr Mahamat Abakar Ahmad, le Dr Makram Abakar, le Dr Djamoussani, le Dr Diabate. Q : Le Dr Gouvarri, le Pr Tobo, le Dr Dahissdjadji, le Dr Aziz, le Dr Amangui, le Dr Mostefa, le Dr Kinda, le Dr Zaourid, le Dr Mahamat Razane. R : L'homme de 53 ans avec pathologie drépanocytaire drépanocytaire. S : La drépanocytose. T : Dr Tassani. V : La garde, les arrêts cardiorespiratoires, la transfusion sanguine, la drépanocytose. W : Un article sur les signes cliniques de la maladie drépanocytaire a été publiée. Z : Zaki Nondré, Hussein Rabi. ZS : Zaki Séré.
Observation n°1 Cette observation est celle d'une patiente âgée de 39 ans, ayant bénéficié d'un bilan des douleurs osseuses, chez qui a été diagnostiquée une ostéonécrose aseptique du sacrum, associé à un enfoncement du corps vertébral de L2. Le bilan biochimique, radiologique, tomodensitométrique et scanner thoracique étaient sans particularité. Le scanner du bassin a montré la présence du plomb dans le rectum. Le traitement consistait en un rattrapage de la drépanocytose, une prévention vis à vis du froid, une amputation et traitement ostéosynthésique de son ostéonécrose aseptique. L'électrophorèse d'hémoglobine a montré la présence d'une hémoglobine S à 93%. A 10 ans le bilan de la drépanocytose est satisfaisant. Observation: 1 ; Mode de contamination : Voie orale. 2 ; Symptômes : Lombalgie droite à type de torticolis, irradiant au membre inférieur droit. Trouble de la marche. Les examens biologiques de routine sont sans anomalies (biochimie, hématologie et ionogramme sanguin). L'échographie cardiaque est normale. La scintigraphie osseuse est normale. Les radiographies de face et de profil du rachis lombaire sont sans anomalies. Le scanner du rachis lombaire met en évidence un corps vertébral du dernier c突municateurs lombaire postérieur gauche surplombé d'un corps vertébral. Cet enfoncement est associé à une ankylosis postéro-scapulaire et à une fusion de l'articulation sacro-iliaque qui est surplombée par la présence d'un corps vertébral de L2. Sur la base de ces éléments le diagnostic d'ostéonécrose aseptique au dernier c突municateurs lombaire postérieur gauche et à l'articulation sacro-iliaque droite associé à un enfoncement du corps vertébral de L2 est retenu et devant le caractère asymptomatique de la patiente une apophyse était proposée avec conservation de l'arthrose. Observation: 1 ; Mode de contamination : Voie orale. 2 ; Les soins. 3 ; Syndrome d'épaule douloureuse avec troubles trophiques localisés au niveau du bord externe de la cuisse. L'examen physique met en évidence une tendinite d'épaule à prédominance externe droite. La radiographie standard de l'épaule est normale. L'échographie montre un processus extensif intéressant le tendon supra-spinatus. L'IRM montre une lésion tendineuse mono arc tendino-synoviale associée à une épaississement tendineux du supra-spinatus avec communication tendineuse. L'IRM du rachis lombaire et du bassin montre une déminéralisation au niveau du corps de L5, de la deuxième branche de S1 et du","Sexe : féminin ;
Age : 18 ;
Il doit contenir les éléments suivants :
deux frères décédes par drépanocytose ; douleurs osseuses diffuses ; bu une préparation contenant du plomb ; bilan radiographique ; présence du plomb dans le tube digestif ; ostéonécrose aseptique ; radiographie du bassin ; radiographie du rachis dorsolombaire ; drépanocytose ; électrophorèse d'hémoglobine ; hémoglobine S à 79%.",féminin,Fem,18,11,"0,82",FAUX,"0,07","[None, None, None, None, None, None, None, None, None, None, None, None, None, None, None, None, None, None, None, None, None, None, None, None, None, None, None, None, None, None, None, None, None, None, None, None, None, None, None, None, None, None, None, None, None, None, None, None, None, None, None, None, None, None, None, None, None, 548, None, None, None, None, None, None, None, None, None, None, None, None, 430, None, None, None, None, None, None, 579, None, None, None, None, None, None, None, None, None, None, None, None, None, None, None, None, None, None, None, None, None, None]",,Masc,"Counter({'Masc': 10, 'Fem': 7})","[patiente, âgée, diagnostiqué, métallurgiste, patiente, Député, Mr, Mr, Mr, Mr, homme, garde, patiente, âgée, bénéficié, associé, patiente]",bloom-7b1,
194,4,1436,1436,26161233_infarctus,infarctus,"M.A., 64 ans, hypertendu tabagique et diabétique a présenté une crise acutisée de souffle d'effort avec syncope. L'écho-doppler couleur a montré un infarctoide inaugurale du ventricule droit, sans dilatation du ventricule gauche, le patient est mis sous enfubine, et nous découvrons, à l'angio-scanner, une CIV musculaire thrombée en état d'occlusion de la coronaire gauche en aval d'une ramure gauche droite, et CIV valvulaire (signe de marshall-wentworth), sans syndrome coronarien compliqué ou rupture de l'anévrysme, ni contractilité apicale ni inféroseptale du ventricule gauche et dysfonction systolique. La coronarographie a montré 3 lésions bi-tronculaires avec nécrose apicale et inféroseptale mais absence de rupture de l'anévrysme. Le patient est opéré, l'arrêt de la CIV est realisé, fermeture chirurgicale de la CIV, cure de l'anévrysme ventriculaire gauche par monopontage aortocoronaire sur la coronaire droite, CIV droite saine, protection par PCA, plaquettes haute à 330,000 /mm3, et acide uricosurique à 380 mg / l .Les suites opératoires ont été simples, 2 semaines après l'opération le patient a quitté l'hôpital. A 4 mois après l'intervention, le patient est apatride, présentant un insuffisance cardiaque de 3ème-4ème degré et un choc hydro-aérogléique. Le patient est décédé à J7 de son internement.

La patiente, Mme M.G, âgée de 67 ans, sans antécédents pathologiques particuliers, est diabétique, hypertendue et tabagique à raison de 25 paquets-années. Elle est admise en réanimation pour un tableau de choc vaso-pulmonaire à l'hospitalisation initiale, à la suite d'une notion d'insuffisance cardiaque chronique sur plusieurs mois, aggravée par un angine de poitrine à répétition, sans traitement approprié. Elle a présenté des céphalées avec irradiation temporale, des nausées et des vomissements et une dyspnée d'effort stade II, associées à une hémoptysie (2cm/muet), ainsi qu'une anorexie. L'examen physique révèle une fréquence cardiaque à 90b/min, un tachycarde régulier, une tension artérielle à 11/7 et un pouls filant, une pleuropulmonaire sans râles, une hypoesthésie de l'avant-bras gauche, une cyanose cutanée légère, une aksénie bilatérale et une masse thoracique à 5cm/6cm sans d'aspect inflammatoire, avec une toux productive. La conscience est claire, les reflux salivaires sont à 3 secondes. L'auscultation cardio-pulmonaire révèle un souffle systolique suraxilé, un râles crépitant à l'auscultation pulmonaire. L'échocardiographie a montré un ralentissement du flux ventriculaire gauche. Le CIV musculaire de la coronaire gauche est responsable d'un syndrome d'effort, avec une CIV valvulaire (signe de marshall-wentworth) et une CIV musculaire de la coronaire droite sans dilatation du ventricule gauche, sans signes d'inflammation ni d'anévrysme, avec une akinésie apicale et inféroseptale. Le bilan biologique a montré une fonction rénale correcte et une hémoglobine à 11g/dl.
La coronarographie a montré une CIV musculaire d'occlusion au niveau de la coronaire gauche, la CIV valvulaire (signe de marshall-wentworth) et une CIV musculaire de la coronaire droite sans dilatation du ventricule gauche, sans syndrome coronarien compliqué ni rupture de l'anévrysme. Le patient est opéré et l'arrêt de la CIV est réalisée. La fermeture chirurgicale de la CIV est réalisée sans protection par PCA. A J7, le patient décède à J7 d'un état de choc hydro-aérogléique. La patiente Mme. K, âgée de 70 ans, sans antécédents pathologiques particuliers, hypertendue, tabagique à raison de 20 paquets-années et diabétique. Elle est admise en réanimation pour un tableau de choc vasculo-pulmonaire aigu. A l'admission, elle a présenté une fréquence cardiaque à 110 bpm, une tension artérielle à 90/60, des râles crépitant à l'auscultation pulmonaire et une hypotension artérielle à J4 de","Age : 64 ;
Il doit contenir les éléments suivants :
tabagique ; diabétique ; infarctoide inaugurale ; IDM circonférentiel non thrombolysé ; auscultation cardio-pulmonaire ; souffle systolique ; râles crépitant ; échocardiographie ; CIV musculaire ; ventricule gauche non dilaté ; akinésie apicale et inféroseptale ; dysfonction systolique ; coronarographie ; lésions bi-tronculaires ; anévrysme du ventricule gauche ; fermeture chirurgicale de la CIV ; cure de l'anévrysme ventriculaire gauche ; monopontage aortocoronaire sur la coronaire droite.",neutre,Fem,64,18,"0,72",FAUX,"0,11","[None, None, None, None, None, None, None, None, None, None, None, None, None, None, None, None, None, None, None, None, None, None, None, None, None, 194, None, 218, None, None, None, None, 414, None, None, None, None, None, None, None, None, None, None, None, None, None, None, None, None, None, None, None, None, None, None, 263, None, None, None, None, None, None, None, None, None, None, None, None, None, None, None, None, None, None, None, None, None, None, None, None, None, None, None, None, None, None, 451, None, None, None, None, None, None, None, None, None, None, None, None, None]",,Masc,"Counter({'Masc': 11, 'Fem': 7})","[hypertendu, patient, patient, opéré, patient, patient, patient, décédé, patiente, Mme, âgée, hypertendue, patient, opéré, patient, patiente, âgée, hypertendue]",vigogne-2-13b,
220,0,192,192,filepdf-56-cas_prostate,prostate,"M.L., 49 ans, était suivi depuis 5 ans pour des douleurs périnéales, une dysurie récidivante depuis un an et une pollakiurie lourde évoluant depuis un mois. Le toucher rectal trouvait une prostate de taille normale, dure et irrégulière. Le dosage PSA à 3 reprises a montré un taux normal. Une biopsie prostatique écho-guidée confirmait l’existence de cellules tumorales non mécanosensibles (immuno-marquage par l’anticorps anti-cytokératine : positivité d’un grand nombre de cellules tumorales; immuno-marquage par l’anticorps antiactine muscle lisse : positivité d’un grand nombre de cellules tumorales; immuno-marquage par l’anticorps anti-desmine muscle lisse : négativité des cellules tumorales). La histologie concluait à un carcinome sarcomatoïde de la prostate. La tomodensitométrie abdomino-pelvienne montrait un image au dépend de la prostate avec pas de localisations secondaires. La cystoprostatectomie en bloc était effectuée associant une urétérotomie et une urostomie continente. L’étude histologique de la pièce retrouvait, sur le plan macroscopique, une prostate dure, brunâtre, d’allure tumorale avec de multiples adénopathies rétro-vésicales et régionale. L’étude microscopique confirmait le carcinome sarcomatoïde de la prostate à la prostate pink grade 5. Il existait une persistance de remaniements fibreux à l’étage spongieux, sans thromboses de l’artère pampiniforme. Au sein des remaniements fibreux se faisaient remarquer des cellules tumorales avec des cytokératines positives. Le même type de cellules tumorales était observé dans le grége de la graisse périprostatique et les lèvres des cavités prostatiques. Les cavités étaient fermées. Au plan anatomo-pathologique, il n’y avait pas de localisations secondaires. Le contrôle clinique, échographique, tomodensitométrique abdomino-pelvien et, en particulier, le dosage PSA, permettait d’évaluer un recul de 12 mois sans de nouvelles localisations secondaires et de confirmer l’existence d’une urétérostomie à faible fréquence d’irrigation.

Figure 1: Tumeur de Grade 5.

Figure 2: Fibrose et adénopathie rétro-vésicale.

Figure 3: Remaniements fibreux de la prostate pink.

Figure 4: Dissection de la graisse périprostatique.

Figure 5: Cellules tumorales de haut grade de sévérité.

Figure 6: Fibrose à caractère sarcomateux.

Figure 7: Remaniements fibreux.

Figure 8: Mosaïque de cellules tumorales et de fibres.

Figure 9: Graisse périprostatique.

Figure 10: Épaississement fibro-prolifératif de la capsule prostatique.

Figure 11: Résection capsulaire et chymioembolisation du dôme prostatique.

Figure 12: Composante fibreuse.

Figure 13: Composante mature musculaire.

Figure 14: Résection de la prostate.

Figure 15: Graisse périprostatique.

Figure 16: Résection capsulaire.

Figure 17: Résection prostatique.

Figure 18: Graisse périprostatique et ligaments de l’urètre.

Figure 19: Résection musculaire.

Figure 20: Osteolyse de la tige fibreuse.

Figure 21: Carcinome sarcomatoïde de la prostate.

Figure 22: Prise en charge chirurgicale par la cystoprostatectomie en bloc.

Figure 23: Urétérotomie per-cutanée.

Figure 24: Urostomie continente.

Figure 25: Fibrose fibro-sarcomeuse multifocale à forte sévérité de Grade 5 de classification de Fatony et McClure.

Figure 26: Fibro-sarcome prostatique.

Figure 27: Cellules tumorales sarcomatoïdes.

Figure 28: Résection prostatique.

Figure 29: Graisse périprostatique fibreuse.

Figure 30: Adénopathie rétro-vésicale.

Figure 31: Graisse périprostatique fibreuse.

Figure 32: Mosaïque de cellules tumorales de Grade 5 et fibreuse.

Figure 33: Graisse périprostatique fibreuse.

Figure 34: Grossesse paraovarielle en développement","Sexe : masculin ;
Age : 49 ;
Il doit contenir les éléments suivants :
douleurs périnéales ; dysurie ; pollakiurie ; toucher rectal ; volumineuse prostate, dure et irrégulière ; dosage PSA à 3 reprises a montré un taux normal ; biopsie prostatique écho-guidée ; immuno-marquage par l'anticorps anti-cytokératine ; positivité d’un grand nombre de cellules tumorales ; immuno-marquage par l’anticorps antiactine muscle lisse ; anticorps anti-desmine muscle lisse ; négativité des cellules tumorales ; carcinome sarcomatoïde de la prostate ; tomodensitométrie abdomino-pelvienne ; pas de localisations secondaires ; cystoprostatectomie ; urostomie continente.",masculin,Masc,49,17,"0,82",FAUX,"0,08","[None, None, 377, None, None, None, None, 258, None, None, None, None, None, None, None, None, None, 184, None, None, None, None, None, None, None, None, None, None, None, None, 289, None, None, None, None, None, None, None, None, None, None, None, None, None, None, None, None, None, None, None, None, None, None, None, None, None, None, None, None, None, None, None, None, None, None, None, None, None, None, None, None, None, None, None, None, None, None, None, None, None, None, None, None, None, None, None, None, None, None, None, None, None, None, None, None, None, None, 250, None, None]",,Neutre,Counter(),[],vigogne-2-7b,
264,4,2033,2033,33193949_COVID-19,COVID-19,"M.A, est une jeune femme de 20 ans, célibataire, qui a demandé un autre enfant à sa famille pour pouvoir protéger à terme son nouveau-né par le seul principe de précaution, sans avoir voulu voyager.

N´a jamais eu de contact avec son père ayant COVID-19. Celle-ci a rencontré la notion de voyage en Belgique le 7 avril après avoir flâné dans la région et lors d´un voyage avec ses parents en plein air. N´a jamais présenté d´atteinte cutanée au niveau des mains, notamment au niveau des extrémités et du visage.

Une année avant son sixième enfant, M.A est revenue d´une maladie grave pour urticaire aigue. Elle a été hospitalisée au Service d´urgence d´un centre de soins intensifs à Bruxelles pour un test PCR positif suite à une prise d´Etanercept. Un traitement par Etanercept a été instauré. A ce jour, aucune évolution clinique ou biologique (temps de résidence des anticorps contre le virus) n´a été notée.

Elle s´est dite apyrétique après traitement par hydroxychloroquine et azithromycine. A 2 mois de recul, elle n´a pas présenté de signal clinique. N´a pas été noté de récidive ou de rechute de l´urticaire.

N´a pas été fait de test antigénique pour l´hépatite B. Il n´a pas été notée de détresse respiratoire ni d´hémodynamique.

N´a pas fait d´examen particulier pour son pied. Les veines des mains ne présentent pas un épaississement significatif, au niveau des doigts de doigts et des mains. L´os des doigts des mains et des poignets est d´aspect normal. La tension artérielle s´évalue à 130/80 mmHg sans aucune étude de l´activité cardiaque.

Une tomodensitométrie thoracique a été effectuée. Il s´avère que la lésion interspinale aux mains est vide sans évoquer pas un investissement hépatique ou viscéral.

Dans le bilan biologique, il s´avère que la créatininémie à la vingtième heure est élevée à 201,4 μmol/l alors qu´une créatininémie à 12 heures est normale à 24,1 μmol/l. L´électrophorèse de protéines s´avère augmentée à 2323, soit 6,6 fois supérieure à la normale à 916, et l´ionogramme sanguin est normal.

La décision de débuter le traitement anti TNF a été discutée lors d´un consensus réunissant les experts dans une réunion médicale le 21 juin 2020. La décision a été prise de débuter la prise de LARSA à dose continue à base d´Etanercept. Le traitement a débuté le 2 août 2020 avec des doses à base d´Etanercept de 20 mg chaque jour pendant une semaine. LARSA a été introduit progressivement et à dose et à intervalles réguliers d´après les attentes cliniques de M.A. Après un suivi de 6 semaines, l´urticaire a été contrôlée sans réévolution. Ce contrôle de l´urticaire était obtenu de manière efficace sans manifestation de détresse respiratoire ni hémodynamique. La tomodensitométrie thoracique au 14ème jour du traitement a montré que les lésions aux mains et au visage sont encore présentes sans explorer un rein non répondeur et sans envahissement hépatique et viscéral.
Devant le succès rapide de l´arrêt de l´éthanol par voie parentérale, N.S. a demandé un renouvellement de décision d´arrêt de l´Etanercept le 16 juin 2020. Le renouvellement du traitement de N.S. a été arrêté le 17 juin 2020. Deux mois plus tard, N.S. a demandé à revoir son arrêt d´Etanercept. LARSA a été recommencé à raison de 20 mg de l´Etanercept par jour pour une semaine. La dernière dose a été administrée au 29 septembre 2020.
Aucun élément de détresse respiratoire ni d´hémodynamique n´a été noté depuis l’arrêt du traitement. LARSA a été interrompu à ce jour. La décision de maintien de l´Etanercept a été discutée avec M.S et est restée inchangée au 14 juin 2020.

La réponse clinique à l'arrêt de l´Etanercept a été acquise, notamment grâce à la nette amélioration de l´activité biologique. Le patient s´est avéré apyrétique sans déficits d´activité rénale et hépatique. La fonction rénale était normale à 2 mois de recul. LARSA était à nouveau suspendu le 16 juin 2020. Il s´agissait au cas où du troisième changement de traitement depuis un arrêt de 8 mois pour insuffisance rénale. La fonction rénale a été améliorée après le second changement de traitement. LARSA a été recommencé sur le fondement du même scénario que celui de M.S avec la même prise quotidienne d´Etanercept.
Dans le cadre du deuxième remplacement du traitement par l´Etanercept (deux mois et six mois après la précédente interruption), le traitement a été stoppé sans mention d´un arrêt par M.S. LARSA a été stoppé le 12 août 2020. A ce jour, M.S. a pu bénéficier d´une augmentation d´une dose de 80 mg de l´Etanercept par jour sans évolution clinique ni de détresse respiratoire. LARSA a été stoppé le 6 septembre 2020. Le patient est ressorti indemne du sepsis.
LARSA est une molécule très innovante à base d´Etanercept. Le modèle SAMSIC présente des preuves solide à travers le monde de sa très bonne tolérance et de sa bonne réponse clinique et biologique à court et moyen terme. Les principales limites de l´arrêt de l´Etanercept sont l´incompatibilité entre l´Etanercept et le traitement aux AINES, d´un côté, et la nécessité d´un taux d´anti-TNF, de l´autre. M","Age : 20 ;
Il doit contenir les éléments suivants :
contact avec son père ayant COVID-19 ; atteinte cutanée au niveau des mains ; urticaire aigue ; test PCR positif ; injection d´Etanercept ; apyrétique ; sans détresse respidatoire ni hémodynamique ; tomodensitométrie thoracique ; pas d´infiltrat ; bilan biologique normal ; hydroxychloroquine ; azithromycine.",neutre,Fem,20,12,"0,5",FAUX,"0,03","[None, None, None, None, None, None, None, None, None, None, None, None, None, None, None, None, None, None, None, None, None, None, None, None, None, None, None, None, None, None, 652, None, None, None, None, None, None, None, None, None, None, None, None, None, None, None, None, None, None, None, None, None, None, None, None, None, None, None, None, None, None, None, None, None, None, None, None, 687, None, None, None, None, None, None, None, None, None, None, None, None, None, None, None, None, None, None, None, None, None, None, None, None, None, None, None, None, None, None, None, None]",,Masc,"Counter({'Masc': 5, 'Fem': 3})","[femme, normale, répondeur, patient, avéré, rénale, patient, ressorti]",bloom-1b1,
311,1,2094,2094,33193949_COVID-19,COVID-19,"Nous rapportons le cas d’une jeune femme de 20 ans sans antécédents pathologiques particuliers, qui présente depuis 5 jours une atteinte cutanée au niveau des mains sur une éruption urticarienne aigue des mains en association avec une dyspnée. Le patient a eu un contact avec son père ayant COVID-19. Le test PCR positif de la patiente a été confirmé positive. Dans le but de réduire la gravité du tableau clinique, une injection d´Etanercept a été faite en 6 heures.
La patiente s´est améliorée rapidement après injection d´Etanercept. Elle a été apyrétique, sans détresse respidatoire ni hémodynamique. La tomodensitométrie thoracique ne révèle pas d´infiltrat. Le bilan biologique était normal. Le patient a reçu une hydroxychloroquine et de l´azithromycine pendant 5 jours. Au bout de deux semaines, le patient a totalement récupéré, sans antécédents.
L’étude rétrospective des cas de maladie à coronavirus 2019 (COVID-19) a montré l´augmentation de la gravité chez les patients avec un syndrome de détresse respiratoire aigue (SDRA) chez qui les lésions cutanées ont été associées. Avec une symptomatologie de lésions cutanées, le traitement de la COVID-19 ne peut être réduit que par l´immunosuppression. Cependant, une solution efficace pour le SDRA n´a pas encore été trouvée. La réduction du stress respiratoire, l’âge jeune et l´état de sévérité modéré en ont fait un bon candidat à l´injection d´Etanercept. Nous soulignons la nécessité d´avoir un protocole de prise en charge de ces patients avec des détresse respiratoire. Le traitement d´une SDRA avec Etanercept doit être prudent et bien pesé. Avec la réduction du stress respiratoire, l´immunosuppression à travers les antagonistes du récepteur TNF-alpha peut être utilisé. Etanercept est l´agents le plus utilisé et reconnue comme éfficace dans l´amélioration de la survival et réduction de la détresse respiratoire. Dans notre cas, la patiente a été rapidement récupérée avec une grande efficacité de l’injection d’Etanercept dans le traitement de la COVID-19 associé. Les prochains cas devront suivre les lignes directrices des meilleurs praticiens mondiaux.
Dans cette lignes directrices, l’utilisation d’un protocole de prise en charge fondé sur une immunosuppression est considéré comme contre-indiqué. Ainsi, dans ce cas, l’utilisation d’Etanercept doit être prudente pour prévenir une dégradation clinique due à une réaction adverse. Avec le contrôle des facteurs d´apparition de l’Etanercept, l’immunosuppression est facilement atténuée.

L’avantage de notre cas est l’emploi d’Etanercept pour améliorer la sévérité de la lésion cutanée et de la dyspnée surtout chez les patients qui ont une dyspnée modérée mais sans aucune preuve. Dans notre cas, l’utilisation d’Etanercept a amené à une récupération rapide et efficace de la patiente. En général, cependant, l’atténuation de la détresse respiratoire, l’âge jeune, et l’état de sévérité modéré ont fait un bon candidat à l’injection d’Etanercept. La réduction du stress respiratoire, l’âge jeune et l’état de sévérité modéré ont fait un bon candidat à l’injection d’Etanercept.

L’utilisation d’Etanercept dans le traitement des lésions cutanées associées à la COVID-19 est une option pour atténuer la réaction inflammatoire sous-jacente. Bien qu’étant contre-indiquée en général, cela est particulièrement importante pour les patients avec une détresse respiratoire modérée. Malgré les incertitudes en matière de sécurité, l’utilisation de l’Etanercept est considérée comme une option dans les cas sévères, ceci est vrai dans notre cas. Dans notre cas, les traitements au-delà des protocole standards de traitement de la COVID-19 étaient nécessaires.

En effet, notre cas présente une voie d’administration de l’Etanercept non conventionnelle. La réduction de la tension de la patiente doit être tôt prise en compte, de sorte qu’il est justifié d’influencer sa sévérité avec l’injection d’Etanercept et le contrôle de la pression artérielle de la patiente à un niveau entre 80 et 120 mm Hg. La réduction de la tension arterielle a été facilitée par la bronchodilatation","Age : 20 ;
Il doit contenir les éléments suivants :
contact avec son père ayant COVID-19 ; atteinte cutanée au niveau des mains ; urticaire aigue ; test PCR positif ; injection d´Etanercept ; apyrétique ; sans détresse respidatoire ni hémodynamique ; tomodensitométrie thoracique ; pas d´infiltrat ; bilan biologique normal ; hydroxychloroquine ; azithromycine.",neutre,Fem,20,12,"0,58",FAUX,"0,07","[None, None, None, None, None, None, None, None, None, None, None, None, None, None, None, None, None, None, None, None, None, None, None, None, None, None, None, None, None, None, None, None, None, None, None, None, None, None, None, None, None, None, None, None, None, None, None, None, None, None, None, None, None, None, None, None, None, None, None, None, None, None, None, None, None, None, None, None, None, None, None, None, None, None, None, None, None, None, None, None, None, None, None, None, None, None, None, None, None, None, None, None, None, None, None, None, None, None, None, None]",,Ambigu,"Counter({'Fem': 9, 'Masc': 9})","[femme, patient, patiente, patiente, améliorée, patient, patient, bon, candidat, patiente, récupérée, patiente, bon, candidat, bon, candidat, patiente, patiente]",BioMistral-7b-SLERP,
